<?xml version="1.0" encoding="UTF-8" ?>
<!DOCTYPE struts PUBLIC
        "-//Apache Software Foundation//DTD Struts Configuration 2.0//EN"
        "http://struts.apache.org/dtds/struts-2.0.dtd">

<struts>
	<package name="us" namespace="/" extends="struts-default">
		<action name="us_*" method="{1}" class="com.gd.action.UsAction">
			<result name="us_list">/Back/html/us.jsp</result>
			<result name="delet"></result>
			<result name="us_update" type="redirectAction">${pageContext.request.contextPath }/us_findEnty.action</result>
		</action>
	
	</package>
</struts>
