<?xml version="1.0" encoding="UTF-8" ?>
<!DOCTYPE struts PUBLIC
        "-//Apache Software Foundation//DTD Struts Configuration 2.0//EN"
        "http://struts.apache.org/dtds/struts-2.0.dtd">

<struts>
	<package name="nows" namespace="" extends="struts-default">
		<action name="nows_*" method="{1}" class="com.gd.action.NowsAction">
			<result name="nows_list">/Back/html/nows.jsp</result>
	
			<result name="nows_edit">/Back/html/nows_edit.jsp</result>
			<result name="nows_savaOrupdate">/Back/html/nows_details.jsp</result>
			<result name="nows_details">/Back/html/nows_details.jsp</result>
			<result name="nows_alllist">/Back/html/nows_list.jsp</result>
			<result name="nows_deletelist">/Back/html/nows_delete.jsp</result>
			<result name="nows_delete" type="redirectAction">${pageContext.request.contextPath }/nows_findAllList.action?page.currentPage=1</result>
			<result name="nows_cddelete" type="redirectAction">${pageContext.request.contextPath }/nows_deletelist.action?page.currentPage=1</result>
			<result name="nows_recovery" type="redirectAction">${pageContext.request.contextPath }/nows_deletelist.action?page.currentPage=1</result>
		</action>
	</package>
</struts>
