<?xml version="1.0" encoding="UTF-8" ?>
<!DOCTYPE struts PUBLIC
        "-//Apache Software Foundation//DTD Struts Configuration 2.0//EN"
        "http://struts.apache.org/dtds/struts-2.0.dtd">

<struts>
	<package name="admin" namespace="" extends="struts-default">
		<action name="admin_*" method="{1}" class="com.gd.action.AdminAction">
			<result name="login" type="redirectAction">${pageContext.request.contextPath }/admin_index.action</result>
			<result name="admin_login">/Back/html/index.jsp</result>
			<result name="login_error">/Back/html/error.jsp</result>
		</action>
	
	</package>
</struts>
