<?xml version="1.0" encoding="UTF-8" ?>
<!DOCTYPE struts PUBLIC
        "-//Apache Software Foundation//DTD Struts Configuration 2.0//EN"
        "http://struts.apache.org/dtds/struts-2.0.dtd">

<struts>
	<package name="user" namespace="" extends="struts-default">
		<action name="user_*" method="{1}" class="com.gd.action.UserAction">
			<result name="user_alllist">/Back/html/user.jsp</result>
			<result name="index">/index.jsp</result>
			<result name="zixun">/Front/wy/consultation.jsp</result>
			<result name="us">/Front/wy/aboutus.jsp</result>
			<result name="save" type="redirectAction">user_zixun</result>
			<result name="nows">/Front/wy/nows.jsp</result>
			<result name="hotnows">/Front/wy/nows_list.jsp</result>
			<result name="nowslist">/Front/wy/nows_list.jsp</result>
			<result name="nowsdetails">/Front/wy/nows_detail.jsp</result>
			<result name="ac">/Front/wy/ac_detail.jsp</result>
			<result name="aclist">/Front/wy/ac_list.jsp</result>
		</action>
	</package>
</struts>
