<?xml version="1.0" encoding="UTF-8" ?>
<!DOCTYPE struts PUBLIC
        "-//Apache Software Foundation//DTD Struts Configuration 2.0//EN"
        "http://struts.apache.org/dtds/struts-2.0.dtd">

<struts>
	<package name="activity" namespace="" extends="struts-default">
		<action name="activity_*" method="{1}" class="com.gd.action.ActivityAction">
			<result name="activity_list">/Back/html/activity.jsp</result>
			<result name="activity_deletelist">/Back/html/activity_delete.jsp</result>
			<result name="activity_enty" >/Back/html/activity_details.jsp</result>
			<result name="activity_edit">/Back/html/activity_edit.jsp</result>
			<result name="activity_delete" type="redirectAction">${pageContext.request.contextPath }/activity_list.action</result>
			<result name="activity_cddelete" type="redirectAction">${pageContext.request.contextPath }/activity_deletelist.action</result>
		</action>
	
	</package>
</struts>
