<?xml version='1.0' encoding='UTF-8'?>  
<!DOCTYPE hibernate-configuration PUBLIC  
         "-//Hibernate/Hibernate Configuration DTD 3.0//EN" 
    "http://www.hibernate.org/dtd/hibernate-configuration-3.0.dtd">   
<hibernate-configuration>  
    <session-factory>  
		
		<!--方言-->
        <property name="dialect">org.hibernate.dialect.MySQL5Dialect</property>  

            <!-- 控制台显示SQL -->
        <property name="show_sql">true</property>
        
        <property name="format_sql">true</property>

        <!-- 自动更新表结构 -->
        <property name="hbm2ddl.auto">update</property>
  
  
    </session-factory>  
</hibernate-configuration>