<?xml version="1.0" encoding="UTF-8" ?>
<!DOCTYPE struts PUBLIC
    "-//Apache Software Foundation//DTD Struts Configuration 2.0//EN"
    "http://struts.apache.org/dtds/struts-2.0.dtd">
      
<struts>  
	<constant name="struts.multipart.saveDir" value="/tmp"/>
    <constant name="struts.action.extension" value="action" />  
	<constant name="struts.enable.DynamicMethodInvocation" value="true" />
	<constant name="struts.ui.theme" value="simple"></constant>
	<constant name="struts.devMode" value="true"/>
	
	
    <include file="struts/struts-admin.xml"></include>
     <include file="struts/struts-us.xml"></include>  
     <include file="struts/struts-activity.xml"></include>  
      <include file="struts/struts-nows.xml"></include>  
      <include file="struts/struts-user.xml"></include>  
</struts>   